driver_id,first_name,last_name,email,birthdate,phone_number,address,licence_number
1,Michel,Crannage,mcrannage0@1und1.de,1950-02-18,399-867-2022,Apt 385,358491853-7
2,Mel,Saw,msaw1@cnet.com,2005-10-09,615-311-6626,Room 1742,753052872-6
3,Guthry,Seller,gseller2@dot.gov,2005-10-26,717-575-9858,Room 1747,455112858-9
4,Glynn,Dubois,gdubois3@nifty.com,1954-03-31,572-286-0120,Room 71,471795625-7
5,Zacharie,Tappor,ztappor4@wikia.com,1963-01-26,842-341-3400,Suite 48,996539701-5
6,Marlena,McKue,mmckue5@cdbaby.com,1951-10-11,266-975-5759,Room 462,863296711-8
7,Hunt,Rizon,hrizon6@phpbb.com,1951-07-23,555-668-6735,Apt 1264,045598540-5
8,Elias,Ibanez,eibanez7@about.me,1959-02-25,285-984-7301,Suite 94,840484236-1
9,Bernie,Nickoll,bnickoll8@meetup.com,1977-08-22,250-277-3957,Room 327,079474856-2
10,Midge,Gorst,mgorst9@amazon.com,1974-03-21,232-461-3511,3rd Floor,391891744-4
11,Ninette,Brient,nbrienta@meetup.com,2000-05-09,463-872-5744,17th Floor,329905016-8
12,Marja,Pabelik,mpabelikb@com.com,1974-11-14,309-328-9173,Apt 553,449542434-3
13,Tracey,Tomley,ttomleyc@canalblog.com,1979-04-19,198-850-9866,Suite 95,974838776-3
14,Allyn,Elizabeth,aelizabethd@wordpress.org,1952-09-25,917-293-6348,17th Floor,764623988-7
15,Locke,Managh,lmanaghe@google.ca,1974-07-19,287-857-4359,PO Box 16589,322553673-3
16,Pete,Angrave,pangravef@dailymotion.com,1994-06-28,881-533-0513,Room 1608,885024312-X
17,Carolynn,Mosten,cmosteng@biglobe.ne.jp,1956-04-23,783-279-7611,Suite 78,516492993-7
18,Marja,Reide,mreideh@nsw.gov.au,1978-04-26,376-168-3849,12th Floor,829771125-0
19,Pam,Hinder,phinderi@vimeo.com,1990-04-15,996-526-0043,Apt 1411,871342340-1
20,Tina,Merrett,tmerrettj@miibeian.gov.cn,1959-07-27,973-376-6398,7th Floor,591083263-8
21,Farlay,Bugge,fbuggek@hubpages.com,1979-09-02,530-292-7241,14th Floor,574941757-3
22,Mendie,Yarranton,myarrantonl@de.vu,1976-09-05,520-828-4336,PO Box 37536,815572852-8
23,Fiona,Whitwham,fwhitwhamm@bandcamp.com,1959-04-15,631-560-4354,PO Box 49964,710431211-0
24,Major,Buggs,mbuggsn@csmonitor.com,1989-03-01,941-363-6432,19th Floor,451038463-7
25,Daniella,De Bruijn,ddebruijno@g.co,1971-05-07,867-182-0461,PO Box 96943,565384830-1
26,Evey,Waything,ewaythingp@alexa.com,2004-06-12,618-806-3384,Room 1094,863782405-6
27,Sheppard,Newvill,snewvillq@kickstarter.com,1972-12-01,208-922-1872,20th Floor,952210863-4
28,Romona,Benkin,rbenkinr@chron.com,1989-02-25,734-813-9217,Apt 285,020056242-8
29,Idalina,Wincott,iwincotts@nationalgeographic.com,1953-01-31,848-263-4712,Room 1831,935770371-3
30,Pollyanna,Dracksford,pdracksfordt@oakley.com,1990-01-23,190-155-1566,5th Floor,363980695-6
31,Alistair,Garbert,agarbertu@cargocollective.com,1956-05-27,336-225-9379,PO Box 40543,472402981-1
32,Webb,Binestead,wbinesteadv@posterous.com,1987-06-10,391-532-5066,9th Floor,722066615-2
33,Lewes,Skelhorne,lskelhornew@apache.org,1951-09-17,469-487-0313,Suite 37,011507128-8
34,Noland,Doak,ndoakx@cmu.edu,1999-04-07,448-280-1399,Apt 34,927843011-0
35,Johanna,Fender,jfendery@prnewswire.com,2005-04-27,213-372-5071,Apt 1932,931629484-3
36,Zebadiah,Heindrick,zheindrickz@amazon.com,1969-07-13,617-732-1131,Suite 77,262104531-6
37,Coletta,Crus,ccrus10@omniture.com,1975-02-19,705-251-5303,Apt 623,104545229-7
38,Schuyler,Woolger,swoolger11@thetimes.co.uk,1961-07-17,580-576-7336,Room 447,395241288-0
39,Inger,Rouse,irouse12@gnu.org,1955-05-02,548-912-0616,PO Box 99926,107515009-4
40,Vidovik,Rilings,vrilings13@psu.edu,1996-01-10,937-786-6129,Room 838,382742695-2
41,Ynez,Rochford,yrochford14@ucla.edu,1950-02-27,354-363-9966,PO Box 24283,230713372-0
42,Margalit,Joron,mjoron15@ucoz.ru,1981-08-07,910-703-1282,PO Box 74595,470775300-0
43,Randi,Cobley,rcobley16@uol.com.br,1996-06-09,301-446-1700,Apt 178,245243623-2
44,Kyle,Dearth,kdearth17@sourceforge.net,1972-08-24,273-612-0534,Suite 2,361145266-1
45,Tootsie,Benediktsson,tbenediktsson18@globo.com,1989-12-16,324-354-6432,PO Box 18368,326188913-6
46,Jeno,Reisin,jreisin19@dot.gov,1965-02-24,353-167-9722,Apt 1214,495937298-2
47,Wendye,Chesterman,wchesterman1a@reuters.com,1972-03-24,297-359-3387,Suite 37,557600168-0
48,Elfie,Doylend,edoylend1b@webs.com,1978-11-24,625-244-6856,PO Box 48005,531124714-2
49,Natalina,Trevithick,ntrevithick1c@reuters.com,1962-04-06,688-590-0446,14th Floor,413768899-0
50,Stanwood,Stammler,sstammler1d@amazonaws.com,1966-04-02,106-644-9719,Suite 2,390282258-9
51,Gwendolen,Lamort,glamort1e@example.com,1993-12-07,585-997-1232,Room 804,576750759-7
52,Colas,Garbett,cgarbett1f@homestead.com,1952-09-06,186-701-6947,Suite 24,413945184-X
53,Lucine,Harmar,lharmar1g@weebly.com,1997-03-19,120-316-0582,15th Floor,092927392-3
54,Hi,Ashbee,hashbee1h@cpanel.net,1994-12-01,310-686-2564,Room 1351,174293742-X
55,Krystalle,Arderne,karderne1i@exblog.jp,1964-02-12,501-464-6217,Apt 1062,249687997-0
56,Hetti,Sillars,hsillars1j@digg.com,1998-04-24,905-266-9776,Apt 286,046190043-2
57,Cathleen,Shaw,cshaw1k@edublogs.org,1957-07-24,296-777-4478,14th Floor,603808191-7
58,Murdock,Leeder,mleeder1l@cmu.edu,1976-11-03,237-344-6108,Apt 160,342854469-2
59,Iorgos,Honeyghan,ihoneyghan1m@sitemeter.com,1960-03-29,601-645-4733,Room 1002,295729220-3
60,Ase,Wing,awing1n@yolasite.com,1985-07-14,483-410-2739,14th Floor,201024022-7
61,Tristam,Beesey,tbeesey1o@goo.ne.jp,1950-08-21,664-789-2029,Apt 707,775783376-0
62,Idalina,Heaseman,iheaseman1p@joomla.org,1989-07-24,348-730-3032,Room 1587,420508809-4
63,Betti,Warcop,bwarcop1q@intel.com,1994-06-05,324-906-2071,Suite 3,720585614-0
64,Fey,Aldren,faldren1r@bandcamp.com,1994-04-16,559-849-8690,Room 182,268248615-0
65,Gerardo,Killbey,gkillbey1s@dmoz.org,1984-08-16,629-588-2589,Apt 315,576384500-5
66,Garfield,Boaler,gboaler1t@paginegialle.it,1979-11-28,384-721-7958,19th Floor,935763605-6
67,Kellyann,Kingescot,kkingescot1u@elpais.com,1997-01-14,980-629-2044,Apt 1315,874057280-3
68,Huntley,Fader,hfader1v@sakura.ne.jp,1986-07-03,148-238-3165,PO Box 86028,031448863-4
69,Colby,McIlhone,cmcilhone1w@nyu.edu,1978-04-04,689-254-7617,18th Floor,067687012-0
70,Christean,Peppin,cpeppin1x@ftc.gov,1956-10-05,821-122-3599,PO Box 57784,896923065-3
71,Beniamino,Badman,bbadman1y@state.gov,1970-08-08,156-222-7157,5th Floor,763938499-0
72,Margalit,Espino,mespino1z@msu.edu,1966-09-21,504-150-5698,Room 1509,582128344-2
73,Dinah,Roggers,droggers20@bigcartel.com,1996-11-25,232-614-7982,Suite 1,773437123-X
74,Noam,Theunissen,ntheunissen21@tumblr.com,1961-10-29,914-708-2726,Apt 152,014587066-9
75,Linoel,Dykes,ldykes22@tiny.cc,1978-08-19,950-827-1498,16th Floor,228301105-1
76,Bruis,Perllman,bperllman23@reference.com,1982-07-19,654-750-9966,Apt 989,362583576-2
77,Christel,Chaplin,cchaplin24@github.com,1996-03-23,749-978-8821,PO Box 72735,279431290-1
78,Aguie,Balcers,abalcers25@skype.com,2000-10-04,219-254-4134,PO Box 8667,688570485-7
79,Genna,Gadesby,ggadesby26@myspace.com,1955-06-08,643-710-9315,Apt 13,999828565-8
80,Ganny,Maling,gmaling27@yellowbook.com,2003-11-24,230-225-5264,Suite 88,708875327-8
81,Alicia,Kearle,akearle28@instagram.com,1999-11-10,677-987-2163,19th Floor,530422521-X
82,Deb,Brettoner,dbrettoner29@moonfruit.com,1956-08-30,875-591-1213,17th Floor,285197733-4
83,Jody,Nicholson,jnicholson2a@ucoz.ru,1957-07-02,978-872-0293,9th Floor,815536772-X
84,Raimondo,Shortin,rshortin2b@sciencedirect.com,1969-09-19,722-110-8976,Suite 19,609397409-X
85,Launce,Polding,lpolding2c@latimes.com,1995-07-02,152-809-2506,PO Box 52729,051511846-X
86,Cherise,Tinham,ctinham2d@shinystat.com,1987-08-18,130-930-2963,Room 744,133682116-7
87,Opaline,Housley,ohousley2e@cpanel.net,2002-07-31,786-565-9552,Suite 59,294834096-9
88,Evered,Jameson,ejameson2f@about.me,2000-03-09,960-301-2113,PO Box 49936,743210186-8
89,Jed,Eefting,jeefting2g@bbb.org,1967-04-21,907-625-8931,Apt 1425,855581750-1
90,Krissy,Colpus,kcolpus2h@reuters.com,1958-07-31,863-692-8307,Apt 239,974806308-9
91,Giavani,Salthouse,gsalthouse2i@blogtalkradio.com,1961-08-23,483-703-9563,PO Box 11315,645218584-5
92,Aluino,Windas,awindas2j@salon.com,2002-03-07,894-164-4271,18th Floor,938261751-5
93,Luis,Womack,lwomack2k@mashable.com,1966-06-10,484-658-8066,Room 1014,185000167-7
94,Preston,Odo,podo2l@technorati.com,1974-04-11,853-598-1324,Suite 61,018212616-1
95,Tedman,Jerzycowski,tjerzycowski2m@godaddy.com,1962-07-04,642-397-0575,Suite 77,963398842-X
96,Livvie,Niaves,lniaves2n@blogs.com,1953-06-24,376-618-6077,Room 1404,390615394-0
97,Codie,Giorgielli,cgiorgielli2o@prlog.org,2003-08-30,231-717-0861,PO Box 51660,290915557-9
98,Donna,Graveson,dgraveson2p@canalblog.com,1985-01-20,610-799-2249,Suite 62,089477690-8
99,Briano,Thorby,bthorby2q@fda.gov,1965-10-04,535-285-8933,6th Floor,793361055-2
100,Francklin,Lindborg,flindborg2r@whitehouse.gov,1974-07-19,782-254-0494,PO Box 27318,186956015-9
101,Tore,Southwood,tsouthwood2s@theguardian.com,1980-06-19,339-741-2905,5th Floor,529253167-7
102,Nataline,Lys,nlys2t@blogger.com,1968-09-15,939-204-2183,PO Box 6064,028041565-6
103,Lita,Cannell,lcannell2u@vistaprint.com,1960-02-27,847-641-5347,Room 407,269780413-7
104,Montague,Wigfield,mwigfield2v@indiegogo.com,2005-07-12,425-735-7504,Room 500,687423732-2
105,Libbie,Doumer,ldoumer2w@archive.org,1979-10-02,854-740-8147,Room 1430,682213256-2
106,Ailsun,Cleve,acleve2x@wiley.com,1983-12-11,916-664-1231,Apt 1819,988015873-3
107,Renado,Olijve,rolijve2y@sina.com.cn,1966-01-28,362-281-3066,Suite 69,249235486-5
108,Shantee,Winsley,swinsley2z@webs.com,1970-08-24,309-943-3722,PO Box 1415,426409612-X
109,Belia,Marley,bmarley30@elegantthemes.com,1969-01-23,815-573-6026,Apt 1219,309082654-2
110,Clive,Skalls,cskalls31@privacy.gov.au,1984-12-06,462-275-1219,10th Floor,773194011-X
111,Emmalyn,Uden,euden32@patch.com,1997-10-13,256-220-1742,2nd Floor,763137080-X
112,Billy,Jacquot,bjacquot33@dagondesign.com,1991-04-24,163-630-4779,19th Floor,295151493-X
113,Cecilia,Forman,cforman34@typepad.com,1966-12-21,974-989-0309,Apt 974,073163676-7
114,Felicia,Moukes,fmoukes35@newyorker.com,1974-11-24,498-409-9304,PO Box 10777,526083666-9
115,Catherine,Welton,cwelton36@themeforest.net,1995-09-21,253-904-0516,Suite 13,065416941-1
116,Madelena,Sheddan,msheddan37@upenn.edu,1961-01-10,289-317-9687,Room 586,443339105-0
117,Murielle,Kocher,mkocher38@intel.com,1988-09-23,530-269-8971,Room 1553,054494865-3
118,Eadie,Missington,emissington39@creativecommons.org,1988-06-10,957-959-2122,Suite 19,882806495-1
119,Coop,Mattiassi,cmattiassi3a@rambler.ru,1989-08-17,331-649-3922,PO Box 94692,426730923-X
120,Nerita,Wenderott,nwenderott3b@globo.com,1963-04-16,305-634-2461,Suite 7,850759045-4
121,Dennet,Sacco,dsacco3c@mail.ru,1957-12-05,869-795-2940,Suite 23,572316954-8
122,Irwin,Cesconi,icesconi3d@va.gov,1954-02-18,108-424-8994,PO Box 17519,245344048-9
123,Leah,Looks,llooks3e@zimbio.com,2005-06-12,563-853-8686,PO Box 19444,704743625-1
